individuals,date,department,position
,12月29日,光电科学与工程学院,
"[{'name': '张均强', 'identity': '学院党委书记'}, {'name': '邱根', 'identity': '副院长'}, {'name': '李佳富', 'identity': '国家管网集团联合管道有限责任公司西部分公司主管工程师'}]",12月29日,自动化工程学院,
,12月28日-29日,机械与电气工程学院,
"[{'name': '李晓峰教授', 'identity': '国家教学名师'}]",12月28日,信息与通信工程学院,
"[{'name': '赴高新区党群工作部统战工作处', 'identity': '交流洽谈'}]",12月28日,统战部,负责人
,12月27日,经济与管理学院,本科生第二党支部
,12月27日,集成电路科学与工程学院,
"[{'name': '高性能相变开关创新者', 'identity': '参赛小组'}]",近日,工业和信息化部,集电学院微波介质与集成器件团队
"[{'name': '李会勇', 'identity': '人力资源部部长'}, {'name': '王勋', 'identity': '体育部党总支书记'}, {'name': '韩蕾', 'identity': '大学生文化素质教育中心主任'}]",12月28日,人力资源部,
"[{'name': '朱正宏', 'identity': '加拿大工程院院士, 约克大学教授'}]",12月27日,航空航天学院,教授
"[{'name': '李钰', 'identity': '学院党委书记'}, {'name': '李强', 'identity': '副院长'}, {'name': '潘杨', 'identity': '党委副书记'}, {'name': '黄飞', 'identity': '兴业银行成都分行副行长'}, {'name': '倪莎', 'identity': '四川富润企业重组投资有限责任公司副总经理'}]",12月27日,经济与管理学院,
,12月27日,集成电路科学与工程学院,芯行纪科技有限公司和行芯科技有限公司
"[{'name': '齐静波教授', 'identity': '物理学院'}]",12月27日,格拉斯哥海南学院,"海南省农垦中学, 海南中学"
,12月27日,中央宣传部,清水河校区
"[{'name': '习近平', 'identity': '总书记'}, {'name': '毛泽东', 'identity': '同志'}]",12月27日,学报编辑部,专题学习
"[{'name': '李明华', 'identity': '中国航天科技集团有限公司第一研究院（中国运载火箭技术研究院）首席总师'}]",12月27日,经济与管理学院,航天系统工程实践与系统思维
"[{'name': '吴满意', 'identity': '院长'}, {'name': '田克勤', 'identity': '教授'}, {'name': '李婧', 'identity': '教授'}]",12月27日,马克思主义学院,
"[{'name': '赴成华区委统战部', 'identity': '交流洽谈'}]",12月27日,统战部,负责人
,2023年12月26日,经济与管理学院,
,12月26日,格拉斯哥学院,宣传思想工作
,12月26日,格拉斯哥海南学院,
,12月25日-26日,集成电路科学与工程学院,"教务处, 学院相关负责人"
,12月25日,信息与通信工程学院,
,12月25日,英才学院,
"[{'name': '夏洪祥', 'identity': '1985级校友，新一任会长'}, {'name': '郑建江', 'identity': '1986级校友，秘书长'}]",12月23日,合作发展部,
,12月22日,宣传部,副部长
,12月21日,材料与能源学院,第一党支部
"[{'name': '舒嘉教授', 'identity': '教授'}]",12月21日,经济与管理学院,
,12月21日,公共管理学院,学工部
"[{'name': '石松', 'identity': '部长'}]",12月21日,统战部,部长
"[{'name': '云南大学晏钢教授', 'identity': '云南省高等学校教学科研带头人'}]","12月20日, 21日",国际教育学院,负责人
,12月20日,信息与通信工程学院,
"[{'name': '邱根', 'identity': '副院长'}]",12月20日,自动化工程学院,副院长邱根
,12月20日,公共管理学院,党委会
,12月19日,电子科学与工程学院,
,12月20日,生命科学与技术学院,
,12月19日,自动化工程学院,本科和研究生党员代表
,12月19日,集成电路学院,
"[{'name': '郑备', 'identity': '四川省政府党组成员, 副省长'}, {'name': '王辰', 'identity': '中国工程院院士'}, {'name': '乔杰', 'identity': '中国工程院院士'}, {'name': '刘全胜', 'identity': '四川省政府副秘书长'}, {'name': '徐斌', 'identity': '省卫健委党组书记, 主任'}, {'name': '戴作安', 'identity': '省教育厅一级巡视员'}, {'name': '王亚非', 'identity': '电子科技大学党委书记'}, {'name': '曾勇', 'identity': '电子科技大学校长'}, {'name': '申小蓉', 'identity': '电子科技大学校领导'}, {'name': '胡皓全', 'identity': '电子科技大学校领导'}, {'name': '徐红兵', 'identity': '电子科技大学校领导'}, {'name': '胡俊', 'identity': '电子科技大学校领导'}, {'name': '孔令讲', 'identity': '电子科技大学校领导'}, {'name': '欧力生', 'identity': '四川省人民医院党委书记'}, {'name': '杨正林', 'identity': '四川省人民医院院长, 电子科技大学医学院院长'}, {'name': '唐其柱', 'identity': '武汉大学党委常委, 副校长'}, {'name': '李正赤', 'identity': '四川大学党委副书记, 华西临床医学院(华西医院)党委书记'}]",12月16-17日,医学院,沙河校区
"[{'name': '徐阳', 'identity': '复旦大学信息科学与工程学院党委书记'}, {'name': '迟楠', 'identity': '复旦大学信息科学与工程学院院长'}]",12月15日,信息与通信工程学院,
"[{'name': '中国科技大学信息科学技术学院', 'identity': '调研对象'}]",12月15日,电子科学与工程学院,领导班子
"[{'name': '刘书宁', 'identity': '博士后'}, {'name': '李天慧', 'identity': '博士后'}, {'name': '李怡', 'identity': '博士后'}, {'name': '闫宗楷', 'identity': '博士后'}]",12月15日,材料与能源学院,
"[{'name': '吴钊阳', 'identity': '主讲人'}]",12月15日,物理学院,"学校纪委监督检查室主任, 监察处副处长"
,12月14日,材料与能源学院,学院党委书记
"[{'name': '殷允强教授', 'identity': '教授'}, {'name': '袁华教授', 'identity': '教授'}, {'name': '晏鹏宇教授', 'identity': '教授'}, {'name': '钱宇教授', 'identity': '教授'}, {'name': '王娇副教授', 'identity': '副教授'}, {'name': '雷东副教授', 'identity': '副教授'}, {'name': '陆炜副教授', 'identity': '副教授'}]",12月14日,经济与管理学院,
"[{'name': '曾孝平教授', 'identity': '国家级教学名师, 重庆大学教授'}, {'name': '李玉柏教授', 'identity': '四川省教学名师'}]",12月13日,信息与通信工程学院,国家级一流本科课程建设名师指导训练营（第一期）
,12月13日,外国语学院,上海一者信息科技有限公司
,12月14日,学校教工部,副校长
,12月14日,生命科学与技术学院,院长
,12月13日,英才学院,
"[{'name': '黎海凡', 'identity': '中国长江电力股份有限公司科学技术研究中心副主任'}]",12月13日,机械与电气工程学院,
,12月12日,计算机科学与工程学院,成都安恒信息技术有限公司
"[{'name': '罗光春', 'identity': '副校长'}]",12月8日,"国际处, 国资处和学院",
"[{'name': '吴菲', 'identity': '教学团队成员'}, {'name': '孙建蕾', 'identity': '教学团队成员'}, {'name': '胡杰辉', 'identity': '教学团队成员'}, {'name': '陈大建', 'identity': '教学团队成员'}, {'name': '牟柳', 'identity': '教学团队成员'}]",12月6日,外国语学院,
,12月8日,数学科学学院,广汉三星堆博物馆
,12月8日,医学院,
,12月6日-8日,后勤保障部,贵州岑巩县
"[{'name': '师德师风建设', 'identity': '专题研讨'}, {'name': '意识形态工作', 'identity': '专题研讨'}]",12月7日,电子科学与工程学院,全体会议
,12月7日,经济与管理学院,
"[{'name': '张万里', 'identity': '学院教职工代表'}]",12月7日,集成电路学院,院长
"[{'name': '李元放', 'identity': '澳大利亚莫纳什大学副教授'}]",12月6日,计算机科学与工程学院,副教授
,12月5日,教育部,直属高校
,12月7日,生命科学与技术学院,党委会（扩大）会议
,12月7日,材料与能源学院,"负责人, 指导教师团队"
,12月7日,光电科学与工程学院,
"[{'name': '张希琳', 'identity': '科研院副院长'}]",12月7日,自动化工程学院,副院长
,12月7日,信息与软件工程学院,负责人
,12月6日,电子科学与工程学院,
"[{'name': '李睿副教授', 'identity': '副教授'}]",12月6日,经济与管理学院,金融学专业
"[{'name': '申小蓉', 'identity': '校党委副书记'}, {'name': '郭光灿', 'identity': '中国科学院院士'}, {'name': '徐守仁', 'identity': '马克思主义学院党委书记'}]",12月2日-3日,马克思主义学院,成都
"[{'name': '习近平总书记', 'identity': '总书记'}]",12月3日,计算机科学与工程学院,"本科生第三党支部, 立人5班"
,12月3日,公共管理学院,校医院
"[{'name': '周世杰', 'identity': '院长'}, {'name': '廖勇', 'identity': '教授'}, {'name': '陈佳', 'identity': '副教授'}]",12月2日-3日,信息与软件工程学院,
"[{'name': '陈旭教授', 'identity': '经管学院院长'}, {'name': '肖延高教授', 'identity': '副院长'}]",12月2日,经济与管理学院,
"[{'name': '张海霞教授', 'identity': '北京大学教授'}, {'name': '10位青年学者', 'identity': '来自北京大学和电子科技大学'}, {'name': '北京大学集成电路学院, 学校集电学院相关负责人', 'identity': ''}]",12月2日,集成电路学院,
,12月2日,北京大学集成电路学院,党委书记
"[{'name': '周万炯', 'identity': '中共重庆市委宣传部二级巡视员, 重庆红岩革命历史博物馆党委委员社会教育工作部部长'}]",12月1日-2日,光电科学与工程学院,教工党支部书记及党员骨干
"[{'name': '李天成教授', 'identity': '西北工业大学'}]",12月1日,信息与通信工程学院,清水河校区
,12月1日,信息与通信工程学院,学生创新创业中心
"[{'name': '洪礼祺教授', 'identity': 'IEEE Fellow'}]",12月1日,电子科学与工程学院,副教务长
"[{'name': '张海霞教授', 'identity': '北京大学集成电路学院'}]",12月1日,集成电路科学与工程学院,
"[{'name': '蒋杰教授', 'identity': '学校理论宣讲团成员'}]",11日30日,信息与软件工程学院,教师党支部
"[{'name': '潘源老师', 'identity': '讲师'}, {'name': '宋迪老师', 'identity': '讲师'}]",11月30日,经济与管理学院,
,11月29日,物理学院,
,11月30日,计算机科学与工程学院,研究生宣讲团讲师
,11月29日,计算机科学与工程学院,
,11月29日,经济与管理学院,MBA招生与品牌发展研讨会
,11月29日,外国语学院,四川博物院
,11月29日,学工部,学校马克巴励学基金设立者
,11月28日-29日,电子科学与工程学院,
"[{'name': '胡少华', 'identity': '博士后'}, {'name': '袁野', 'identity': '博士后'}]",11月28日,信息与通信工程学院,
,11月28日,中山学院,"信通学院, 电子学院"
,11月28日,自动化工程学院,"保卫处, 利民消防老师"
"[{'name': '刁坤警官', 'identity': '合作派出所'}]",11月28日,计算机科学与工程学院,合作派出所刁坤警官
"[{'name': '魏朝祯', 'identity': '研究员'}]",11月28日,数学科学学院,班主任
,11月28日,生命科学与技术学院,本科生优秀班集体创建答辩会
,11月28日,经济与管理学院,党支部
"[{'name': '于淼', 'identity': '学院党委副书记'}]",11月28日,集成电路科学与工程学院,
"[{'name': '赵立', 'identity': '党委组织部老师'}]",11月28日,研工部,"研究生党支部书记, 负责研究生党务工作的辅导员"
,11月28日,国际教育学院,留学生
"[{'name': '郭凯', 'identity': '成都高新减灾研究所成果转化中心副主任'}, {'name': '张丽', 'identity': '学校保卫处老师'}]",11月27日,信息与通信工程学院,
,11月26日,机械与电气工程学院,"相关负责人, 教师"
"[{'name': '陈旭教授', 'identity': '院长'}, {'name': '郝再生', 'identity': '2012级MBA校友'}]",11月26日,经济与管理学院,
,11月25日,教育部,高等教育司司长
,11月27日,信息与通信工程学院,中层领导
,11月27日,材料与能源学院,
"[{'name': '陈辉教授', 'identity': '教授'}]",11月27日,清华大学美术学院,
,11月26日,数学科学学院,西南交通大学数学学院
,11月25日,教育部,社科司
"[{'name': '17位留学生', 'identity': '来自“一带一路”国家'}]",11月24日,格拉斯哥学院,学生第一党支部
"[{'name': '习近平', 'identity': '中国特色社会主义思想'}]",11月24日,"校团委, 马克思主义学院",清水河校区
"[{'name': '近40名师生', 'identity': '师生'}]",11月24日,信息与通信工程学院,
"[{'name': '2023040902班', 'identity': '本科'}, {'name': '2023040906班', 'identity': '本科'}]",11月24日,机械与电气工程学院,硕士研究生第七党支部
,11月25日,计算机科学与工程学院,中兴通讯成都研究所
,11月25日,计算机科学与工程学院,清水河校区
,11月24日,信息与软件工程学院,
"[{'name': '钟尔杰', 'identity': '副教授'}]",11月24日,数学科学学院,副教授
,11月24日,国际教育学院,成都三是科技有限公司
,11月23日,机械与电气工程学院,教授
"[{'name': '赵尚弘', 'identity': '教授'}]",11月23日,空军工程大学信息与导航学院,教授
"[{'name': '王亚非', 'identity': '校党委书记'}]",11月24日,光电科学与工程学院,2023050909班班主题班会
"[{'name': '徐岩', 'identity': '我校党委研工部部长'}]",11月23日-24日,研工部,部长
,11月24日,统战部,四川省民宗委天基处
"[{'name': '2020级本科生', 'identity': '参加演练'}, {'name': '研究生', 'identity': '参加演练'}, {'name': '实验室安全管理员', 'identity': '参加演练'}]",11月24日,材料与能源学院,"国资处, 保卫处"
,11月24日,信息与软件工程学院,四川省防灾减灾教育馆
,11月24日,物理学院,
"[{'name': '青年教师', 'identity': '参赛者'}, {'name': '院内外专家', 'identity': '评审指导者'}]",11月24日,经济与管理学院,
"[{'name': '格拉斯哥学院负责人', 'identity': '负责人'}, {'name': '参赛选手', 'identity': '选手'}]",11月24日,体育部,清水河校区综训馆足球场
,11月23日-24日,经济与管理学院,绵阳
"[{'name': '张林', 'identity': '副教授'}]",11月23日,马克思主义学院,副教授
,11月23日,经济与管理学院,
"[{'name': '张妍宁', 'identity': '学院党总支书记'}]",11月23日,英才实验学院,党总支书记
,11月23日,集成电路学院,
"[{'name': '曲国远', 'identity': '研究员'}]",11月23日,机械与电气工程学院,"中国航空无线电电子研究所首席科学家, 研究员"
,"11月22日, 23日",信息与通信工程学院,
,11月22日,学工部,信通学院
"[{'name': '高正平教授', 'identity': '教师'}]",11月23日,电子科学与工程学院,
"[{'name': '邱昆教授', 'identity': '青年教师成长导师'}]",11月23日,信息与通信工程学院,
,11月23日,光电科学与工程学院,
"[{'name': '张雪松', 'identity': '中国电科电子科学研究院'}]",11月23日,信息与软件工程学院,研究员级高级工程师
,11月23日,公共管理学院,
,11月23日,集成电路学院,
,11月23日,马克思主义学院,网络思想政治教育理论与实践团队
,11月23日,学工部,
,"11月22日, 23日",材料与能源学院,
"[{'name': '张波教授', 'identity': '教授'}]",11月22日,电子科学与工程学院,
,11月22日,信息与通信工程学院,师资队伍建设
"[{'name': '刁坤警官', 'identity': '合作派出所社区民警'}]",11月22日,电子科学与工程学院,
,11月22日,资源与环境学院,教师
,11月22日,格拉斯哥学院,国际处
,11月22日,英才学院,上海
,11月22日,重庆微电子技术产业研究院党支部,重庆抗战遗址博物馆
,11月20日-22日,经济与管理学院,
"[{'name': '刘强', 'identity': '马克思主义学院副教授'}]",11月21日,计算机科学与工程学院,讲授
"[{'name': '申小蓉', 'identity': '校党委副书记'}, {'name': '聂慧', 'identity': '桂林电子科技大学党委副书记'}]",11月21日,宣传部,
,11月22日,机械与电气工程学院,党支部
,11月22日,资源与环境学院,
,11月22日,物理学院,
"[{'name': '成孝予教授', 'identity': '学校原党委副书记'}]",11月22日,公共管理学院,教授
,11月22日,重庆微电子技术产业研究院党支部,学院体育工作指导老师
,11月21日,体育部,清水河校区
"[{'name': '学院负责人', 'identity': '负责人'}, {'name': '教学质量小组', 'identity': '小组'}, {'name': '任课教师', 'identity': '教师'}, {'name': '学生代表', 'identity': '代表'}, {'name': '人才培养办公室', 'identity': '办公室'}]",11月21日,材料与能源学院,
,11月21日,马克思主义学院,
,11月21日,外国语学院,理论中心组
,11月21日,英才实验学院,学院负责人
,11月21日,集成电路学院,
"[{'name': '四川大学', 'identity': '调研对象'}, {'name': '西南石油大学', 'identity': '调研对象'}]",11月21日,学工部,负责人
"[{'name': '国资处', 'identity': '相关人员'}, {'name': '基建处', 'identity': '相关人员'}, {'name': '后勤保障部', 'identity': '相关人员'}]",11月21日,北京大学房地产管理部,我校
,11月20日,资源与环境学院,深圳高研院
"[{'name': '刁坤警官', 'identity': '合作派出所社区民警'}]",11月20日,数学科学学院,社区民警
,11月20日,国际教育学院,预科留学生
"[{'name': '贾宇明教授', 'identity': '信通学院'}]",11月19日-20日,格拉斯哥海南学院,"海口市第一中学, 海南华侨中学"
,11月21日,学校相关职能部,校党委书记
,11月21日,自动化工程学院,"校党委副书记, 纪委书记彭岚"
,11月20日,数学科学学院,"浙江省嘉兴市秀洲区人才科创集团有限公司党委委员, 副总经理"
"[{'name': '', 'identity': ''}]",11月20日,医学院,专题研讨会
,11月20日,格拉斯哥学院,
,11月20日,自动化工程学院,校研究生会主办
"[{'name': '师生', 'identity': '60余名'}]",11月19日,英才实验学院,两弹城
,11月18日,计算机科学与工程学院,
"[{'name': '鲍华教授', 'identity': '上海交通大学溥渊未来技术学院'}]",11月17日,机械与电气工程学院,
"[{'name': '王亚非', 'identity': '校党委书记'}, {'name': '徐科', 'identity': '校团委副书记'}, {'name': '张泽宝', 'identity': '岑巩县委副书记'}, {'name': '罗尹奇', 'identity': '岑巩县大有镇塔山村第一书记'}]",11月17日-18日,组织部,贵州省岑巩县
"[{'name': '邬霞教授', 'identity': '北京师范大学人工智能学院'}]",11月17日,自动化工程学院,雄鹰讲坛
[],11月17日,信息与通信工程学院,解放军某部
"[{'name': '周雪教授', 'identity': '教授'}, {'name': '高潇阳博士后', 'identity': '博士后'}]",11月17日,自动化工程学院,
"[{'name': '樊志强', 'identity': '中国电科智能科技研究院正高级工程师'}]",11月17日,信息与软件工程学院,
,11月17日,集成电路科学与工程学院,
"[{'name': '36名师生', 'identity': '师生'}]",11月17日,经济与管理学院,字节跳动抖音集团
"[{'name': '何雨莲', 'identity': '老师'}]",11月17日,国际教育学院,学报编辑部
"[{'name': '苏继东', 'identity': '航天五院西安分院研究员'}]",11月16日,电子科学与工程学院,清水河校区
,11月16日,计算机科学与工程学院,学校保卫处徐志海
"[{'name': '林媛', 'identity': '校医院'}, {'name': '喻梦倩', 'identity': '图书馆'}]",11月16日,数学科学学院,
,11月16日,生命科学与技术学院,
,11月16日,集成电路科学与工程学院,广元市旺苍县张华镇人民政府
,11月17日,马克思主义学院,"联合时政讲习所, 信通学院电子工程系研究生第十二党支部, 物联网工程系研究生第一党支部, 网络工程系研究生第七党支部"
"[{'name': '师生', 'identity': '党员'}]",11月17日,自动化工程学院,
"[{'name': '黄宏斌', 'identity': '国防科技大学大数据与决策实验室主任'}, {'name': '陈勇', 'identity': '中国兵器207所所长助理'}]",11月17日,信息与软件工程学院,
,11月17日,医学院,
,11月17日,南京理工大学钱学森学院,英才学院
"[{'name': '张映敏', 'identity': '信息中心副主任'}]",11月17日,光电科学与工程学院,
,11月15日-17日,光电科学与工程学院,
"[{'name': '伍大成', 'identity': '董事长'}, {'name': '卫书满', 'identity': '总经理, 工程研究院院长'}]",11月16日,自动化工程学院,
"[{'name': '赵文丽', 'identity': '学院党委副书记'}]",11月16日,数学科学学院,
"[{'name': '李凌', 'identity': '生命学院副院长'}]",11月16日,材料与能源学院,
"[{'name': '张林', 'identity': '马克思主义学院副教授'}]",11月16日,集成电路科学与工程学院,分党校
,11月15日,计算机科学与工程学院,
,11月15日,集成电路科学与工程学院,党支部书记及党员骨干
"[{'name': '徐其虎', 'identity': '宜宾学院党委副书记'}, {'name': '胡俊', 'identity': '副校长'}]",11月16日,人力资源部,
"[{'name': '罗光春', 'identity': '副校长'}, {'name': '冯伟哲', 'identity': '教授'}]",11月16日,自动化工程学院,
"[{'name': '张铱晗', 'identity': '学院党委副书记'}]",11月16日,电子科学与工程学院,
"[{'name': '刘永', 'identity': '院长'}]",11月16日,光电科学与工程学院,重庆康佳光电科技有限公司
,11月16日,航空航天学院,
,11月16日,经济与管理学院,
"[{'name': '钱云光', 'identity': '学工部部长'}, {'name': '赵璧全', 'identity': '特聘辅导员'}, {'name': '徐岩', 'identity': '研工部部长'}]",11月15日-16日,学工部,
[],11月15日,"中国电科集团代培研究生第一, 第二临时党支部",成都博物馆
"[{'name': '林媛', 'identity': '老师'}]",11月15日,经济与管理学院,校医院
"[{'name': '唐登蕓', 'identity': '副教授'}]",11月15日,马克思主义学院,
,11月14日-15日,统战部,"复旦大学, 同济大学, 上海交通大学, 浙江大学"
"[{'name': '王珏', 'identity': '成都市出入境管理局一级警长'}]",11月15日,国际教育学院,校院两级留学生管理工作人员
"[{'name': '王亚非', 'identity': '校党委书记'}]",11月15日,信息与通信工程学院,
,11月14日,信息与通信工程学院,中国科学院深圳先进技术研究院
"[{'name': '曾勇', 'identity': '校长'}, {'name': '李永强', 'identity': '校长'}, {'name': '胡皓全', 'identity': '副校长'}, {'name': '杨阳', 'identity': '计算机（网安）学院副院长'}, {'name': '李志勇', 'identity': '导师代表'}, {'name': '王剑波', 'identity': '计算机（网安）学院研究生'}]",11月14日,计算机科学与工程学院,
"[{'name': '鄢然教授', 'identity': '2023级班主任'}, {'name': '明煜航', 'identity': '2016届校友'}]",11月10日,电子科学与工程学院,
,11月10日,格拉斯哥学院,中外教职工
,11月9日,信息与软件工程学院,
"[{'name': '孔令讲', 'identity': '副校长'}, {'name': '徐子阳', 'identity': '中兴通讯总裁'}, {'name': '张帆', 'identity': '汇顶科技董事长'}, {'name': '卢国建', 'identity': '芯海科技董事长'}, {'name': '白瑞虹', 'identity': 'TP-LINK副总经理'}, {'name': '肖锦', 'identity': '比亚迪总裁助理'}]",11月9日-10日,合作发展部,研究生院相关负责人
"[{'name': '詹文翰', 'identity': '老师'}, {'name': '吴淮', 'identity': '老师'}, {'name': '吉家成', 'identity': '老师'}, {'name': '张翔', 'identity': '老师'}]",11月4日-5日,计算机科学与工程学院,
,11月7日,自动化工程学院,
,11月7日,信息与软件工程学院,软件学院
"[{'name': '李会勇', 'identity': '党委教师工作部部长'}, {'name': '吴满意', 'identity': '马克思主义学院院长'}, {'name': '张波', 'identity': '集成电路工程学院教授'}]",11月7日,教师工作部,院长
"[{'name': '清华大学电子工程系', 'identity': '调研对象'}]",11月7日,信息与通信工程学院,负责人
"[{'name': '王绍彬', 'identity': '绵阳市第三人民医院副院长'}]",11月7日,医学院,
"[{'name': '钟颖', 'identity': '学院副教授'}]",11月7日,经济与管理学院,副教授
,11月6日,集成电路学院,达迩科技（成都）有限公司
"[{'name': '英国纽卡斯尔大学招生官', 'identity': '招生官'}]",11月6日,格拉斯哥学院,海外名校招生官
,11月6日,国际教育学院,
,11月5日-6日,信息与软件工程学院,
,11月5日,格拉斯哥海南学院,
"[{'name': '云程大咖沙龙', 'identity': '主办'}]",11月5日,经济与管理学院,领航班
,11月3日,创新创业学院,院长
,11月2日,信息与通信工程学院,副校长
"[{'name': '林媛', 'identity': '老师'}]",11月3日,电子科学与工程学院,校医院
"[{'name': '曾超', 'identity': '中国工程物理研究院电子工程研究所科技委副主任'}]",11月3日,光电科学与工程学院,研究生卓越发展引航讲坛
,11月3日,光电科学与工程学院,"高新区分局合作路派出所, 电子科大清水河校区驻校民警刁坤"
,11月3日,自动化工程学院,团委学生会
"[{'name': '张庆琳', 'identity': '学院党委书记'}]",11月3日,计算机科学与工程学院,
"[{'name': '赵章志', 'identity': '党总支委员, 副主任'}, {'name': '王勋', 'identity': '党总支书记'}]",11月3日,体育部,
,11月3日,英才学院,留学规划特聘导师
"[{'name': '耿宝莹', 'identity': '信通学院党委副书记'}]",11月2日,信息与通信工程学院,副书记
"[{'name': '周海涛', 'identity': '党委书记'}, {'name': '林媛', 'identity': '院长'}]",11月2日,材料与能源学院,
"[{'name': '研究生仪一', 'identity': '学生支部'}, {'name': '研究生仪二', 'identity': '学生支部'}, {'name': '本三', 'identity': '学生支部'}]",11月2日,自动化工程学院,教工仪一支部
,11月2日,计算机科学与工程学院,班主任
"[{'name': '章潇月', 'identity': '2020级博士生'}]",11月2日,经济与管理学院,研究生会
"[{'name': '杨茂', 'identity': '物理学院党委副书记'}]",11月2日,数学-机械与电气工程学院,分党校
,11月2日,生命科学与技术学院,
"[{'name': '习近平', 'identity': '中国特色社会主义思想'}]",11月2日,外国语学院,马克思主义学院商继政教授
"[{'name': '吕顺', 'identity': '四川大学保密办老师'}]",11月2日,集成电路科学与工程学院,基础院
"[{'name': '杨家燕', 'identity': '图书馆老师'}]",11月1日,信息与通信工程学院,
"[{'name': '李钰', 'identity': '经管学院党委书记'}]",11月1日,东方汽轮机有限公司工业透平事业部,
"[{'name': '陶伯万教授', 'identity': '教授'}]",11月1日,集成电路科学与工程学院,
,11月1日,生命科学与技术学院,学生骨干
"[{'name': 'Somchai Santiwatanakul', 'identity': '泰国诗纳卡琳威洛大学校长'}, {'name': '曾勇', 'identity': '校长'}, {'name': '靳敏', 'identity': '校党委副书记'}]",11月1日,学校相关职能部,学院负责人
"[{'name': '胡俊', 'identity': '副校长'}, {'name': '李会勇', 'identity': '人力资源部部长'}]",11月1日,人力资源部,目标任务秘书工作组
"[{'name': 'Nina Morris', 'identity': '全球关系经理'}]",11月1日,自动化工程学院,
"[{'name': '杨焱文', 'identity': '四川省委宣讲团新时代文明实践宣讲分队成员'}, {'name': '李敏', 'identity': '校研究生宣讲团成员'}]",11月1日,计算机科学与工程学院,
,11月1日,信息与软件工程学院,
"[{'name': '韩津琳', 'identity': '处长'}]",11月1日,农业农村部,教育培训处处长
"[{'name': '刘永', 'identity': '院长'}, {'name': '王军', 'identity': '副院长'}, {'name': '张希琳', 'identity': '科研院副院长'}]",10月31日,光电科学与工程学院,
"[{'name': '程玉华', 'identity': '院长'}, {'name': '程洪', 'identity': '副院长'}]",10月31日,自动化工程学院,
"[{'name': '米华', 'identity': '马克思主义学院全副教授'}]",10月31日,计算机科学与工程学院,分党校
"[{'name': '安萍', 'identity': '软件开发技术带头人'}]",10月31日,信息与软件工程学院,中国核动力研究设计院软件开发技术带头人
"[{'name': 'Maria das Dores Guerreiro', 'identity': '副校长'}]",10月31日,经济与管理学院,
"[{'name': '刘强', 'identity': '马克思主义学院副教授'}]",10月31日,继续教育学院,副教授
"[{'name': '谭涛', 'identity': '我校机关党委副书记'}]",10月30日-31日,川渝部,西南大学
,10月31日,图书馆学科咨询部,党支部
"[{'name': '徐明弢', 'identity': '清华大学经济管理学院助理教授'}]",10月30日,经济与管理学院,新兴技术管理研究所
,10月31日,中国电科网络通信研究院第5402所-电子科学与工程学院,清水河校区
"[{'name': 'Maria de Lurdes Reis Rodrigues', 'identity': '校长'}, {'name': '曾勇', 'identity': '副校长'}, {'name': '徐红兵', 'identity': '副校长'}, {'name': 'Maria das Dores Horta Guerreiro', 'identity': '副校长'}, {'name': 'Jorge Rodrigues da Costa', 'identity': '副校长'}]",10月31日,葡萄牙里斯本大学学院,校长
,10月31日,葡萄牙里斯本大学学院,相关负责人
"[{'name': '郑龙', 'identity': '党委教师工作部部长'}]",10月31日,教工部,部长
"[{'name': 'Jorge Rodrigues da Costa教授', 'identity': '葡萄牙里斯本大学学院'}, {'name': 'Luis Eduardo de Pinho Ducla Soares副教授', 'identity': '葡萄牙里斯本大学学院'}]",10月30日,信息与通信工程学院,
"[{'name': '陈益凯', 'identity': '副院长'}]",10月30日,电子科学与工程学院,副院长
"[{'name': '刘怀畅', 'identity': '四川省凉山州选调生'}]",10月30日,信息与软件工程学院,
,10月30日,经济与管理学院,学校招标采购中心办公室负责人
"[{'name': '唐登蕓', 'identity': '马克思主义学院副教授'}]",10月30日,信息与通信工程学院,副教授
[],10月30日,继续教育学院,党委理论学习中心组
,近日,材料与能源学院,
,10月28日,材料与能源学院,四川师范大学化学与材料科学学院
,10月27日,信息与软件工程学院,电子科技大学国家大学科技园
"[{'name': '汪小平副教授', 'identity': '《计算机程序设计》任课教师'}, {'name': '2023级学生代表', 'identity': ''}]",10月26日,数学科学学院,
,10月25日,教育部,工程教育专业认证专家组组长
"[{'name': '物理学院相关负责人', 'identity': '负责人'}]",10月25日,光电科学与工程学院,分党校
"[{'name': '张玉宏', 'identity': '教授'}]",10月25日,信息与软件工程学院,MBSE工程创新中心
,10月25日,教师工作部,负责人
,10月24日,自动化工程学院,相关负责人
,10月24日,计算机科学与工程学院,会通新材料股份有限公司相关负责人
"[{'name': '李彬', 'identity': '四川天府流体大数据研究中心主任'}]",10月24日,信息与软件工程学院,流体力学工业软件研发
,10月24日,经济与管理学院,集体学习会议
"[{'name': '赵熙乐教授', 'identity': '电子科技大学'}, {'name': '蒋太翔教授', 'identity': '西南财经大学'}]",10月24日,医学院,
"[{'name': '高新西区派出所民警', 'identity': '民警'}, {'name': '学校党委保卫部老师', 'identity': '老师'}]",10月24日,国际教育学院,
,10月24日,马克思主义学院,研究生会
,10月23日,信息与通信工程学院,
,10月23日,马克思主义学院,
,10月22日,信息与通信工程学院,分团委
,10月24日,组织部,部长
,10月22日,体育部,坐式排球项目国内技术官员（NTO）
,10月24日,信息与通信工程学院,中国电信西藏公司
"[{'name': '刘强', 'identity': '马克思主义学院习近平新时代中国特色社会主义思想教研室主任'}]",10月24日,光电科学与工程学院,分党校
"[{'name': '中国共产党', 'identity': '统一战线工作条例'}]",10月24日,医学院,党总支会议暨统一战线工作专题研讨会
"[{'name': '刘岩岩', 'identity': '马克思主义学院副教授'}]",10月24日,经济与管理学院,分党校
,10月24日,体育部,
,10月24日,"教务处, 学院","负责人, 教师代表"
,10月23日,信息与通信工程学院,教工党支部书记
,10月23日,电子科学与工程学院,
"[{'name': '朱大勇教授', 'identity': '成电故事讲师团成员'}]",10月23日,光电科学与工程学院,
,10月23日,数学科学学院,
,10月23日,信息工程学院,杭州电子科技大学
,10月23日,马克思主义学院,教授
"[{'name': '本硕博碳中和宣讲团', 'identity': '学院宣讲团'}, {'name': '博士生党支部', 'identity': '党支部'}]",10月21日-23日,机械与电气工程学院,四川省阿坝州中小学
,10月22日,计算机科学与工程学院,分团委学生会
,近日,后勤保障部,成都理工大学四川省高校廉洁文化教育基地“育廉馆”
"[{'name': '方曼', 'identity': '学校纪委副书记'}, {'name': '谢婧希', 'identity': '纪委办副主任'}]",10月19日-20日,光电科学与工程学院,
,10月20日,信息中心党支部,都江堰长征书院
"[{'name': '陈景龙教授', 'identity': '西安交通大学'}]",10月16日,机械与电气工程学院,相关科研人员
"[{'name': '王亚非', 'identity': '校党委书记'}]",10月12日,光电科学与工程学院,
"[{'name': '曾勇', 'identity': '校长'}, {'name': '孔令', 'identity': '副校长'}]",10月12日,电子科学与工程学院,
,10月12日,学工部,校党委副书记
,10月12日,学校相关职能部,副校长
"[{'name': '孔令', 'identity': '副校长'}]",10月12日,计算机科学与工程学院,副校长
"[{'name': '邓陈亮', 'identity': '副教授'}]",10月9日,体育部,副教授
,10月12日,机械与电气工程学院,成都瑞雪丰泰精密电子股份有限公司
,10月11日,材料与能源学院,支部书记
,10月10日-11日,信息与软件工程学院,常务副校长
"[{'name': '全体行政人员', 'identity': '行政人员'}]",10月11日,生命科学与技术学院,负责人
"[{'name': '莫巍', 'identity': '商飞软件有限公司副总经理'}]",10月10日,信息与软件工程学院,副总经理
,10月10日,电子科学与工程学院,党委宣传部副部长陈伟
"[{'name': '张庆琳', 'identity': '学院党委书记'}, {'name': '李青', 'identity': '学院副书记'}, {'name': '肖鸣宇', 'identity': '副院长'}, {'name': '李文', 'identity': '珠峰计划项目主任'}]",10月10日,计算机科学与工程学院,
"[{'name': '张媛媛', 'identity': '学院党总支书记'}]",10月10日,医学院,党总支书记
"[{'name': '骆德渊', 'identity': '党委书记'}]",10月9日,机械与电气工程学院,党委书记
"[{'name': '学院办公室负责人', 'identity': '主讲人'}]",10月8日,经济与管理学院,学院办公室负责人
"[{'name': '罗光春', 'identity': '副校长'}, {'name': '李斌', 'identity': '电子学院院长'}, {'name': '陈华富', 'identity': '生命学院院长'}]",10月8日,电子科学与工程学院,
,10月8日,计算机科学与工程学院,
"[{'name': '张伟', 'identity': '四川大学华西生物医学大数据中心主任'}]",10月8日,信息与软件工程学院,主任
"[{'name': '刘永教授', 'identity': '院长'}]",10月7日,光电科学与工程学院,院长
,9月28日,人力资源部,博士后和教师引进管理办公室
"[{'name': '副校长孔令', 'identity': '讲'}, {'name': '计算机（网安）学院党委书记张庆琳', 'identity': '主持仪式'}]",9月27日,学工部,"各参与学院相关负责人, 教师代表及144名新生"
"[{'name': '叶本乾', 'identity': '学校党委组织部副部长'}, {'name': '程钰间', 'identity': '学院党委书记'}]",9月28日,电子科学与工程学院,
,9月28日,继续教育学院,会议
,9月28日,信息与通信工程学院,
,9月28日,医学院,
,9月28日,集成电路学院,钧业班
"[{'name': '姜昆', 'identity': '老党员'}]",9月28日,学校办公室党支部,沙河校区
"[{'name': '学生', 'identity': '宪法卫士'}]",9月28日,学工部,2023级学生
,"9月27日, 28日",资源与环境学院,
,9月26日-28日,电子科学与工程学院,
,"9月26日, 28日",资源与环境学院,负责人
"[{'name': '左明健教授', 'identity': '加拿大工程院院士'}]",9月27日,机械与电气工程学院,
"[{'name': '陈林', 'identity': '副总工程师, 航天产品部主任'}]",9月27日,信息与通信工程学院,
"[{'name': '赵立', 'identity': '党委组织部老师'}]",9月27日,机械与电气工程学院,
"[{'name': '李会勇', 'identity': '部长'}]",9月27日,人力资源部,部长
"[{'name': '杨茂', 'identity': '学院党委副书记'}]",9月27日,物理学院,学院党委副书记
"[{'name': '张开华教授', 'identity': '成电故事讲师团成员'}]",9月27日,集成电路学院,
"[{'name': '钟华', 'identity': '川德爱迪（北京）信息技术有限公司客户经理'}]",9月27日,学报编辑部,
,9月26日,计算机科学与工程学院,学院
"[{'name': '王亚非', 'identity': '校党委书记'}, {'name': '曾勇', 'identity': '校长'}, {'name': '靳敏', 'identity': '校党委副书记'}, {'name': '孔令', 'identity': '副校长'}, {'name': '周子学', 'identity': '校友'}, {'name': '景亚萍', 'identity': '校友'}, {'name': '张蜀平', 'identity': '校友'}]",9月24日,经济与管理学院,
,9月23日,合作发展部,部长
"[{'name': '孔令', 'identity': '副校长, 教育发展基金会常务副理事长'}, {'name': '林坚', 'identity': '泓浒（苏州）半导体科技有限公司总裁'}, {'name': '田广', 'identity': '合作发展部部长'}, {'name': '骆德渊', 'identity': '机电学院党委书记'}]",9月23日,机械与电气工程学院,总裁
"[{'name': '丁邦文', 'identity': '喀什大学党委书记'}, {'name': '王亚非', 'identity': '校党委书记'}, {'name': '胡俊', 'identity': '副校长'}]",9月22日,"学校办, 教工部",
,9月17日,马克思主义学院,四川省建川博物馆
,9月11日-15日,生命科学与技术学院,
,9月10日,教育部,"校党委副书记, 纪委书记"
,"8月29日, 31日",机械与电气工程学院,校长
"[{'name': '赵馨晨', 'identity': '学生'}, {'name': '陈泺亦', 'identity': '学生'}, {'name': '石瑛', 'identity': '教师'}]",近日,医学院,
,8月30日,体育部,
"[{'name': '陈琳', 'identity': '西北工业大学管理学院副院长'}]",8月30日,经济与管理学院,
,"8月27日, 30日",数学科学学院,
,"8月29日, 30日","机关, 信息与通信工程学院","校党委副书记, 机关党委书记靳敏, 副校长胡俊, 党委常委, 组织部部长武好明"
,8月25日-26日,光电科学与工程学院,
"[{'name': '相关负责人', 'identity': '负责人'}]",8月24日-26日,资源与环境学院,学生宿舍
,8月26日,自动化工程学院,研究生
,8月9日,集成电路科学与工程学院,新加坡科技设计大学
"[{'name': '微芒', 'identity': '领航班'}]",8月4日-6日,经济与管理学院,岑巩县天马镇塘湾村
"[{'name': '张铱晗', 'identity': '学院党委副书记'}]",8月2日,电子科学与工程学院,
,8月1日,信息与通信工程学院,教授
,8月1日,教育部,副部长
"[{'name': '郭志勇', 'identity': '党委副书记'}]",7月27日,信息与软件工程学院,副书记
"[{'name': '程钰间', 'identity': '学院党委书记'}, {'name': '陆海鹏', 'identity': '常务副院长'}]",7月18日,电子科学与工程学院,
"[{'name': '廖文兵', 'identity': '芯原微电子（成都）有限公司SoC部门总监'}]",7月16日,信息与通信工程学院,清水河校区
"[{'name': 'Richard Foristel', 'identity': '美方代表'}, {'name': '张杰伟', 'identity': ''}]",7月16日,经济与管理学院,
,7月11日-15日,计算机科学与工程学院,国家“珠峰计划”拔尖人才实验班学生代表
,7月4日,马克思主义学院,学院的理论研究工作
,7月4日,航空航天学院,
,7月4日,电子科学与工程学院,党委（总支）会（扩大）会议
,7月4日,生命科学与技术学院,"生命学院党委书记, 深圳高研院执行院长, 生命学院副院长"
,7月3日,数学科学学院,马克思主义学院党委书记徐守仁
,6月30日-7月1日,光电科学与工程学院,
,7月3日,数学科学学院,
,7月3日,科研院党支部,支委会委员
"[{'name': '黄晓霖副教授', 'identity': '上海交通大学'}]",7月3日,信息与通信工程学院,清水河校区
"[{'name': '王迎化', 'identity': '学院党委副书记'}, {'name': '年级辅导员', 'identity': ''}]",7月2日,格拉斯哥海南学院,
"[{'name': '14名党员代表', 'identity': '党员代表'}]",7月1日,电子科大在京人员临时党支部,中国共产党历史展览馆
,7月2日,数学科学学院,"负责人, 辅导员, 社会实践队成员"
,6月30日,教育部,组长高校
,2023/6/27,物理学院,
,6月27日,公共管理学院,
"[{'name': '曾勇', 'identity': '校长'}, {'name': '罗光春', 'identity': '副校长'}, {'name': '马斯卡特里', 'identity': '格拉斯哥大学校长'}, {'name': '桑德森', 'identity': '格拉斯哥大学副校长'}]",6月27日,学校相关职能部,"格拉斯哥学院, 格拉斯哥海南学院以及格拉斯哥大学相关负责人"
,6月21日-26日,计算机科学与工程学院,
,6月23日-25日,机械与电气工程学院,云南
"[{'name': '辅导员', 'identity': '辅导员'}, {'name': '宿舍阿姨', 'identity': '宿舍阿姨'}, {'name': '学生', 'identity': '学生'}]",6月22日,英才学院,
,2022年度,教育部,我校出版社
,6月14日,信息与通信工程学院,党委书记
"[{'name': '刘岩岩', 'identity': '马克思主义学院副教授'}]",6月9日-10日,统战部,重庆
"[{'name': '徐敬松', 'identity': '自动化学院'}, {'name': '赵博', 'identity': '电子学院'}, {'name': '赖香君', 'identity': '自动化学院'}]",6月5日,电子科学与工程学院,成电会堂
"[{'name': '胡维昊', 'identity': '教授'}, {'name': '唐远鸿', 'identity': '博士研究生'}]",近日,机械与电气工程学院,
"[{'name': '谷雨研究员', 'identity': '中国计算机学会人机交互专委会执行委员'}]",6月2日,计算机科学与工程学院,博士生导师
"[{'name': '张凤寒', 'identity': '光电学院本科生第四党支部同学'}]",6月2日,光电科学与工程学院,学生处副处长
,5月31日,计算机科学与工程学院,师生代表座谈会
"[{'name': '邱锡光', 'identity': '海南大学副校长'}, {'name': '胡皓全', 'identity': '海南大学副校长'}]",5月30日,后勤保障部,
"[{'name': '胡皓全', 'identity': '副校长'}, {'name': '赵志钦', 'identity': '研究生院院长'}]",5月30日,自动化工程学院,
"[{'name': '孔令', 'identity': '副校长'}]",5月28日,信息与通信工程学院,
"[{'name': '刘宇教授', 'identity': '华人学者'}]",5月20日至23日,机械与电气工程学院,
"[{'name': '师生', 'identity': '参赛队伍'}]",5月24日,机械与电气工程学院,
,5月19日,信息与通信工程学院,学院负责人
"[{'name': '何佳', 'identity': '党委副书记'}]",5月19日,信息与通信工程学院,副书记
,5月18日至19日,光电科学与工程学院,"副校长朱宏, 胡皓全, 校党委副书记, 机关党委书记靳敏, 副校长徐红兵, 党委组织部部长武好明"
"[{'name': '王勋', 'identity': '党总支书记'}]",5月15日,体育部,党总支书记
"[{'name': '孔令', 'identity': '副校长'}, {'name': '康士峰', 'identity': '1983级校友，会长'}, {'name': '赵秀才', 'identity': '1992级校友，秘书长'}]",5月13日,学校宣传部,"中国电科22所, 41所"
,5月13日,自动化工程学院,
,5月11日,信息与通信工程学院,武汉理工大学马克思主义学院研究生讲师团党支部
,5月13日,经济与管理学院,陕西招生工作组
"[{'name': '李雪梅', 'identity': '集电学院党委书记'}, {'name': '于奇', 'identity': '集电学院副院长'}]",5月13日,集成电路科学与工程学院,"党委书记, 副院长"
,5月12日,机械与电气工程学院,
"[{'name': '申小蓉', 'identity': '校党委副书记'}]",5月12日,学工部,党支部
"[{'name': '孔令', 'identity': '副校长'}]",5月12日,合作发展部,
,5月11日,机械与电气工程学院,学生骨干
"[{'name': '李肇星', 'identity': '中华人民共和国外交部原部长, 中国人民外交学会名誉会长'}, {'name': '王亚非', 'identity': '校党委书记'}, {'name': '申小蓉', 'identity': '副书记'}]",5月10日,中华人民共和国外交部,中国人民外交学会名誉会长
"[{'name': '孔令', 'identity': '副校长'}, {'name': '邓龙江', 'identity': '中国工程院院士'}, {'name': '胡霞', 'identity': '成都树德中学党委书记, 校长'}]",5月10日,信息与通信工程学院,"成都树德中学, 成都树德中学外国语校区负责人"
,5月10日,光电科学与工程学院,党委书记和支部书记
"[{'name': '邓淑华', 'identity': '教授'}]",5月10日,数学-机械与电气工程学院,分党校
"[{'name': '邸爱英', 'identity': '党委书记'}]",5月10日,格拉斯哥学院,党委书记
"[{'name': '习近平', 'identity': '中国特色社会主义思想'}]",5月10日,公共管理学院,马克思主义学院商继政教授
,5月10日,学工部,党委副书记
,5月10日,自动化工程学院,
,5月10日,国际教育学院,格拉斯哥学院语言支持中心
"[{'name': '35名本科生', 'identity': '参加校内选拔赛'}]",5月9日,材料与能源学院,
"[{'name': '张媛媛', 'identity': '学院党总支书记'}]",5月9日,医学院,
,4月23日,教育部,副校长
,4月23日,资源与环境学院,
,4月22日,计算机科学与工程学院,戴波老师
"[{'name': '钟威教授', 'identity': '厦门大学王亚南经济研究院'}]",4月22日,数学科学学院,教授
,4月22日,电子科学与工程学院,美育工作室
,4月21日至23日,信息与通信工程学院,研究生第十二党支部
"[{'name': '王亚非', 'identity': '校党委书记'}, {'name': '靳诺', 'identity': '中国人民大学原党委书记, 教育部高等学校马克思主义理论类专业教学指导委员会主任委员'}, {'name': '杨建国', 'identity': '四川省教育厅巡视员'}]",4月22日,马克思主义学院,
,4月22日,继续教育学院,
"[{'name': '张庆琳', 'identity': '受邀报告'}]",4月21-22日,计算机科学与工程学院,党委书记
"[{'name': '香港科技大学（广州）功能枢纽负责人', 'identity': '围绕学术生涯规划, 职业发展等与学子进行了深入交流'}]",4月21日,集成电路科学与工程学院,香港科技大学（广州）功能枢纽负责人
"[{'name': '戴伟民', 'identity': '芯原股份创始人, 董事长兼总裁'}]",4月21日,集成电路科学与工程学院,成电芯论坛
"[{'name': '余聪教授', 'identity': '教授'}]",4月20日,心理与认知科学学院,
,4月20日,自动化工程学院,OPPO和ZEKU科技成都分公司
"[{'name': '赵熙乐教授', 'identity': '教授'}, {'name': '辅导员老师', 'identity': '辅导员'}]",4月20日,数学科学学院,
"[{'name': '孔令', 'identity': '副校长'}]",4月20日,体育部,清水河校区综合训练馆
"[{'name': 'Chong Li', 'identity': '格拉斯哥大学教授'}, {'name': '梅渭东', 'identity': '电子科技大学通信抗干扰技术全国重点实验室教授'}]",4月21日,信息与通信工程学院,通信抗干扰技术全国重点实验室
"[{'name': '吴燕京教授', 'identity': '宁波大学'}]",4月21日,外国语学院,清水河校区
"[{'name': '庞谦', 'identity': '一行'}]",4月21日,教育部,处长
"[{'name': '周佩珩教授', 'identity': '教授'}]",4月21日,电子科学与工程学院,
"[{'name': '李智渊教授', 'identity': '教授'}]",4月21日,计算机科学与工程学院,
"[{'name': '胡俊', 'identity': '2018级博士生'}, {'name': '陈其齐', 'identity': '2018级博士生'}, {'name': '李天皓', 'identity': '2019级博士生'}]",4月21日,经济与管理学院,
,4月21日,格拉斯哥学院,学习贯彻习近平新时代中国特色社会主义思想主题教育动员部署会暨“周五见”读书分享会
,4月21日,集成电路科学与工程学院,研究生培养处负责人
"[{'name': '宁超', 'identity': '上海交通大学自动化系助理教授'}]",4月20日,自动化工程学院,助理教授
,4月20日,计算机科学与工程学院,"研究生党支部, 网络与信息系统团队研究生第一, 第二党支部"
,4月20日,机械与电气工程学院,大学生法律咨询顾问
"[{'name': '学生', 'identity': '学生'}]",4月20日,数学科学学院,成都数字天空科技有限公司
,4月20日,外国语学院,
,4月20日,格拉斯哥学院,
"[{'name': '邵振', 'identity': '芯行纪科技有限公司资深技术副总裁'}]",4月20日,集成电路科学与工程学院,半导体产业皇冠上的掌上明珠——EDA
"[{'name': '邓小平', 'identity': '故居陈列馆'}]",4月20日,学报编辑部,西南交通大学战略与学科处期刊社党支部
,4月19日-21日,材料与能源学院,
"[{'name': '王俊', 'identity': '美国加州大学河滨分校副校长'}]",4月19日,信息与软件工程学院,
"[{'name': '辛贤', 'identity': '中国农业大学副校长'}, {'name': '曾勇', 'identity': '校长'}, {'name': '胡俊', 'identity': '副校长'}]",4月20日,中国农大及我校相关部,
"[{'name': '李博闻教授', 'identity': '教授'}]",4月20日,信息与通信工程学院,成电下午茶
"[{'name': '滕祖军', 'identity': '陕西长岭电气有限责任公司副总经济师'}]",4月20日,电子科学与工程学院,
"[{'name': '蔡斐', 'identity': '航空学报杂志社社长'}]",4月20日,机械与电气工程学院,
"[{'name': '西安交通大学数学与统计学院', 'identity': '负责人'}, {'name': '数学科学学院', 'identity': ''}]",4月20日,数学与统计学院,负责人
"[{'name': '张丽', 'identity': '保卫处老师'}]",4月20日,医学院,
,4月20日,生命科学与技术学院,成都市心理健康中心
"[{'name': '吕明教授', 'identity': '信息与通信工程学院'}, {'name': '殷允强教授', 'identity': '经济与管理学院'}, {'name': '吴璐斯副教授', 'identity': '经济与管理学院'}, {'name': '宋娜副教授', 'identity': '经济与管理学院'}]",4月20日,经济与管理学院,
,4月20日,外国语学院,
,4月20日,体育部,
,4月20日,诺丁汉大学工学学部,
,4月19日,计算机科学与工程学院,蒲晓蓉教授
"[{'name': '彭浩然', 'identity': '台湾交通大学博士, 信软学院彭浩然院友'}, {'name': '宁博宇', 'identity': '2022年度成电杰出学生（研究生）, 通信抗干扰全国重点实验室博士生宁博宇'}]",4月19日,信息与软件工程学院,
,4月18日至20日,信息与通信工程学院,
,4月18日,公共管理学院,
"[{'name': '国防科技大学前沿交叉学科学院教学科研处负责人', 'identity': '宣讲人'}]",4月17日至18日,光电科学与工程学院,国防科技大学前沿交叉学科学院教学科研处负责人
"[{'name': '西北工业大学生命学院相关负责人', 'identity': '负责人'}, {'name': '北京邮电大学集成电路学院相关负责人', 'identity': '负责人'}]",4月17日至18日,生命科学与技术学院,
"[{'name': '武好明', 'identity': '校党委常委, 组织部部长'}, {'name': '邰通梅', 'identity': '岑巩县委常委, 组织部部长'}]",4月17日,岑巩县委组织部,新任科级干部
,4月17日,信息与通信工程学院,
,4月17日,数学科学学院,党建交流会
,4月17日,生命科学与技术学院,
,4月17日,英才实验学院,院领导
,4月16日,计算机科学与工程学院,
,近日,机械与电气工程学院,
,4月15日,学生工作部,
,4月15日,集成电路科学与工程学院,马克思主义学院副教授米华全
,4月11日-14日,经济与管理学院,
,4月14日,组织部,常委
,4月14日,马克思主义学院,
"[{'name': '刘雨莎', 'identity': '老师'}]",4月13日,信息与通信工程学院,
"[{'name': '刘鹏', 'identity': '副书记'}]",4月13日,计算机科学与工程学院,党委副书记
,4月13日,格拉斯哥学院,
,4月13日,集成电路科学与工程学院,成都高新区IC Park产业园
"[{'name': '罗光春', 'identity': '副校长'}]",4月13日,教育部,副校长
,4月13日,经济与管理学院,青年教师
,4月13日,格拉斯哥海南学院,"试验区安全办, 陵水县公安局国保大队"
,4月12日,信息与软件工程学院,党委会和党政联席会
,"4月11日, 12日",计算机科学与工程学院,学院和部门负责人
"[{'name': '叶兴斌', 'identity': '康佳集团党委副书记'}, {'name': '罗光春', 'identity': '副校长'}]",4月10日,"研究生院, 光电科学与工程学院",
,4月6日,电子科学与工程学院,
,4月4日至5日,电子科学与工程学院,
,4月4日,光电科学与工程学院,成都市联洲国际技术有限公司
,4月4日,资源与环境学院,
"[{'name': 'Dapeng Oliver Wu', 'identity': '教授'}]",4月3日,信息与通信工程学院,
,4月3日,计算机科学与工程学院,腾讯成都分公司
"[{'name': '路超', 'identity': '研究生就业办主任'}]",4月3日,信息与软件工程学院,研究生就业办主任
,,机械与电气工程学院,学生
"[{'name': '曾勇', 'identity': '校长'}, {'name': '申小蓉', 'identity': '校党委副书记'}]",3月30日,学校相关部,负责人
,3月24日至26日,马克思主义学院,校党委副书记
"[{'name': '朱宏', 'identity': '副校长'}, {'name': '沈学民', 'identity': '中国工程院外籍院士, 讲席特聘教授'}]",3月17-19日,计算机科学与工程学院,
"[{'name': '骆郁廷教授', 'identity': '武汉大学思想政治教育研究院院长, 中央马工程首席专家, 国务院学位委员会马克思主义理论学科评议组召集人'}]",3月19日,马克思主义学院,教授
"[{'name': '中国电科芯片技术研究院', 'identity': '单位'}, {'name': '重庆忽米网络科技有限公司', 'identity': '单位'}]",3月17日-19日,自动化工程学院,学院负责人
,3月18日,机械与电气工程学院,本科拔尖创新人才特殊培养计划“机器人特色实验班”
,3月18日,淮安市委组织部,电子科学与工程学院
,3月17日,信息与通信工程学院,中国航天科工集团第二研究院
,3月16日,教育部,离退休工作
"[{'name': '徐如祥教授', 'identity': '医学院教授'}]",,医学院,
,3月17日,电子科学与工程学院,相关负责人
,3月17日,计算机科学与工程学院,中加双硕士学位教育项目
,3月17日,资源与环境学院,
,3月17日,格拉斯哥学院,本科2020级年级大会
,3月17日,基础与前沿研究院前沿交叉党支部,成都学习强国主题街区
,"3月16日, 17日",信息与通信工程学院,
,3月16日,计算机科学与工程学院,
"[{'name': '李钰', 'identity': '学院党委书记'}, {'name': '陈旭', 'identity': '院长'}]",3月16日,经济与管理学院,
,3月16日,英才实验学院,人才培养专题研讨会
,3月15日,信息与通信工程学院,负责人
,3月16日,自动化工程学院,副校长胡皓全
,3月16日,"国际处, 学工部",副校长
"[{'name': '40余位老师', 'identity': '与会交流'}]",3月16日,生命科学与技术学院,教学大纲及培养方案修订研讨会
,3月16日,外国语学院,
"[{'name': '四川交响乐团', 'identity': '艺术家'}, {'name': '成电师生', 'identity': '1000余名'}]",3月15日,教育部,成电会堂
,3月15日,机械与电气工程学院,"硕士生第六, 第七党支部"
,3月15日,计算机科学与工程学院,中国工商银行软件开发中心
"[{'name': '胡俊副校长', 'identity': '副校长'}, {'name': '杨正林院士', 'identity': '医学院院长'}]",3月15日,医学院,负责人
,3月15日,电子科学与工程学院,学院负责人
,3月15日,材料与能源学院,研究生第三党支部
,3月15日,光电科学与工程学院,校团委相关负责老师
,"3月14日, 15日",自动化工程学院,"北京航天测控成都分公司, 中国电科集团十所, 成都市委网信办"
,3月15日,计算机科学与工程学院,
[],3月15日,生命科学与技术学院,党委会暨党政联席（扩大）会议
,3月15日,经济与管理学院,
"[{'name': '张磊', 'identity': '常务副部长'}]",3月14日,深圳市龙华区委组织部,常务副部长
"[{'name': '李媛教授', 'identity': '心理健康教育中心'}]",3月14日,经济与管理学院,教授
,"3月13日, 14日",集成电路科学与工程学院,辅导员
,3月14日,机械与电气工程学院,党委会
,3月14日,航空航天学院,
"[{'name': '64位学员', 'identity': '来自广东全省职业院校'}]",3月14日,信息与软件工程学院,沙河校区
,3月14日,数学科学学院,深圳农商银行直营客群中心负责人
,3月14日,医学院,护理系主任
,3月14日,经济与管理学院,
,3月14日,外国语学院,
,3月13日,计算机科学与工程学院,
"[{'name': '深能南京能源控股有限公司', 'identity': '管理干部'}]",3月13日,继续教育学院,沙河校区
,3月13日,格拉斯哥学院,
"[{'name': '王亚非', 'identity': '校党委书记'}]",3月13日,物理学院,校党委书记
"[{'name': '梁永图', 'identity': '中国石油大学（北京）克拉玛依校区党委书记, 校长'}, {'name': '李军', 'identity': '副校长'}, {'name': '申小蓉', 'identity': '校党委副书记'}, {'name': '胡俊', 'identity': '副校长'}]",3月12日-13日,学校相关部,
,3月13日,信息与软件工程学院,
,3月13日,格拉斯哥学院,安全工作专题会议
"[{'name': '省直机关党支部书记', 'identity': '干部'}]",3月13日,继续教育学院,沙河校区
,3月13日,学生工作部,
,3月12日,材料与能源学院,
,,医学院,校团委相关负责人
,3月10日,合作发展部,副校长孔令
"[{'name': '刘全胜', 'identity': '四川省政府副秘书长'}, {'name': '申小蓉', 'identity': '校党委副书记'}, {'name': '刘虹', 'identity': '成华区副区长'}]",3月10日,"学校办公室, 保卫部",
,"3月9日, 10日",计算机科学与工程学院,
,3月8日-9日,格拉斯哥海南学院,"电子科技大学（深圳）高等研究院, 电子科技大学长三角研究院（湖州）"
,3月9日,信息与通信工程学院,
"[{'name': '王亚非', 'identity': '校党委书记'}]",3月8日,光电科学与工程学院,2019050308班
"[{'name': '唐红教授', 'identity': '四川大学华西医院感染性疾病中心学科主任'}]",3月8日,医学院,
,3月7日,教育部,校党委副书记
"[{'name': '申小蓉', 'identity': '校党委副书记'}, {'name': '李伊珂', 'identity': '晶艺半导体有限公司常务副总经理兼CTO'}, {'name': '刘浩驰', 'identity': '麒麟软件有限公司高级副总裁'}]",3月7日,学工部,集成电路科学与工程学院
,3月7日,医学院,
"[{'name': '许胜', 'identity': '中国人民解放军战略支援部队信息工程大学网络安全学院党委书记'}, {'name': '李伊珂', 'identity': '晶艺半导体有限公司李伊珂常务总副经理'}]",3月7日,计算机科学与工程学院,
,3月1日-2日,管理科学部,校长
,3月1日,电子科学与工程学院,学生发展指导中心
"[{'name': '雷亚国教授', 'identity': '西安交通大学'}]",2月27日,机械与电气工程学院,
,2月27日,机械与电气工程学院,
"[{'name': '吴岩', 'identity': '教育部党组成员, 副部长'}, {'name': '武世兴', 'identity': '教育部高等教育司副司长'}, {'name': '张国辉', 'identity': '教育部科学技术与信息化司副司长'}, {'name': '郑备', 'identity': '四川省副省长'}, {'name': '刘全胜', 'identity': '省政府副秘书长'}, {'name': '余孝其', 'identity': '省教育厅党组书记, 厅长'}, {'name': '张澜涛', 'identity': '省委教育工委副书记, 教育厅党组成员'}, {'name': '王亚非', 'identity': '校党委书记'}, {'name': '曾勇', 'identity': '校长'}, {'name': '朱宏', 'identity': '校领导'}, {'name': '申小蓉', 'identity': '校领导'}, {'name': '胡皓全', 'identity': '校领导'}, {'name': '彭岚', 'identity': '校领导'}, {'name': '孔令讲', 'identity': '校领导'}, {'name': '罗光春', 'identity': '校领导'}]",2月23日,教育部,副部长
,2月24日,信息与通信工程学院,
,2月24日,电子科学与工程学院,"学校办公室, 发展规划与学科建设处相关负责人"
,2月24日,材料与能源学院,
,2月24日,计算机科学与工程学院,
,2月24日,信息与软件工程学院,
"[{'name': '程玉华教授', 'identity': '电子科技大学自动化工程学院院长'}]",2月17日,自动化工程学院,院长
,2月17日-18日,材料与能源学院,会议
"[{'name': '邓淑华教授', 'identity': '马克思主义学院教授'}]",2月15日,电子科学与工程学院,
,2月15日,后勤保障部,
,2月15日,合作发展部,
,2月13日,机械与电气工程学院,
,2月13日,集成电路科学与工程学院,
,2月13日,光电科学与工程学院,党政联席会
[],2月9日,物理学院,E探川渝实践队
[],2月10日,数学科学学院,党政联席会
,2月6日,马克思主义学院,
"[{'name': '杨伟航', 'identity': '我校信息与通信工程学院院友'}]",2022,信息与通信工程学院,
,1月21日,经济与管理学院,
"[{'name': '王亚非', 'identity': '校党委书记'}, {'name': '曾勇', 'identity': '校长'}, {'name': '申小蓉', 'identity': '校领导'}, {'name': '胡皓全', 'identity': '校领导'}, {'name': '胡俊', 'identity': '校领导'}]",1月18日,保卫部,
"[{'name': '岑巩县委副书记张泽宝', 'identity': '学校挂职'}]",1月17日-18日,教育部,中央单位定点帮扶工作成效考核会
,1月16日-18日,信息与通信工程学院,负责人
,1月16日,电子科学与工程学院,
,1月16日,马克思主义学院,
"[{'name': '赵璧全', 'identity': '离退休教职工代表'}, {'name': '王振兴', 'identity': '离退休教职工代表'}, {'name': '柳姿', 'identity': '离退休教职工代表'}]",近日,经济与管理学院,
"[{'name': '任福继院士', 'identity': '慰问对象'}, {'name': '援疆援藏教师代表', 'identity': '慰问对象'}]",1月17日,计算机科学与工程学院,负责人
,1月16日,格拉斯哥海南学院,工作研讨会
,1月15日,外国语学院,制度建设研讨会
,近日,机械与电气工程学院,负责人
"[{'name': '王亚非', 'identity': '校党委书记'}, {'name': '曾勇', 'identity': '校长'}, {'name': '胡皓全', 'identity': '副校长'}, {'name': '孔令讲', 'identity': '副校长'}, {'name': '邓龙江', 'identity': '院士'}]",1月16日,集成电路科学与工程学院,清水河校区
,2023年1月16日,经济与管理学院,
,1月15日,学校体育部,成都七中高新校区
"[{'name': '北京大学', 'identity': '专家'}, {'name': '浙江大学', 'identity': '专家'}]",近日,计算机科学与工程学院,
,近日,数学科学学院,学生干部
"[{'name': '体育部各民主党派成员', 'identity': '成员'}, {'name': '无党派人士', 'identity': '成员'}, {'name': '体育部党总支党员代表', 'identity': '代表'}]",近日,体育部,
"[{'name': '傅其林教授', 'identity': '四川大学社会科学研究处处长, 国家级人才计划入选者'}]",1月8日,外国语学院,
,1月8日,数学科学学院,
,2022年1月6日,教育部,中美青年创客交流中心
,1月6日,生命科学与技术学院,
,2022/1/6,格拉斯哥学院,
,1月5日,格拉斯哥海南学院,学院负责人
,1月4日,信息与通信工程学院,
"[{'name': '赵文丽', 'identity': '学院党委副书记'}]",1月4日,数学科学学院,硕士生第三党支部
,12月30日,信息与通信工程学院,学院党委副书记
